dateid,Date,Day,Month,Year
1,2022-10-10,Monday,October,2022
2,2022-02-13,Sunday,February,2022
3,2023-07-07,Friday,July,2023
4,2022-12-06,Tuesday,December,2022
5,2023-07-29,Saturday,July,2023
6,2022-07-05,Tuesday,July,2022
7,2022-02-16,Wednesday,February,2022
8,2021-12-08,Wednesday,December,2021
9,2023-11-02,Thursday,November,2023
10,2023-08-15,Tuesday,August,2023
11,2023-10-26,Thursday,October,2023
12,2023-05-06,Saturday,May,2023
13,2022-03-04,Friday,March,2022
14,2023-08-03,Thursday,August,2023
15,2022-12-25,Sunday,December,2022
16,2022-06-09,Thursday,June,2022
17,2023-07-20,Thursday,July,2023
18,2023-11-16,Thursday,November,2023
19,2023-06-15,Thursday,June,2023
20,2023-05-05,Friday,May,2023
21,2022-10-07,Friday,October,2022
22,2022-09-08,Thursday,September,2022
23,2023-09-18,Monday,September,2023
24,2022-03-30,Wednesday,March,2022
25,2022-12-21,Wednesday,December,2022
26,2023-04-26,Wednesday,April,2023
27,2022-03-28,Monday,March,2022
28,2023-12-01,Friday,December,2023
29,2023-02-11,Saturday,February,2023
30,2023-10-13,Friday,October,2023
31,2023-11-21,Tuesday,November,2023
32,2022-07-27,Wednesday,July,2022
33,2023-01-07,Saturday,January,2023
34,2023-09-02,Saturday,September,2023
35,2023-04-07,Friday,April,2023
36,2023-06-08,Thursday,June,2023
37,2023-09-20,Wednesday,September,2023
38,2023-01-27,Friday,January,2023
39,2023-05-08,Monday,May,2023
40,2023-06-20,Tuesday,June,2023
41,2023-02-23,Thursday,February,2023
42,2022-07-07,Thursday,July,2022
43,2023-05-09,Tuesday,May,2023
44,2022-02-14,Monday,February,2022
45,2022-10-06,Thursday,October,2022
46,2023-02-28,Tuesday,February,2023
47,2021-12-21,Tuesday,December,2021
48,2023-04-19,Wednesday,April,2023
49,2023-01-05,Thursday,January,2023
50,2022-03-18,Friday,March,2022
51,2023-11-07,Tuesday,November,2023
52,2023-05-07,Sunday,May,2023
53,2023-06-17,Saturday,June,2023
54,2022-06-15,Wednesday,June,2022
55,2022-04-28,Thursday,April,2022
56,2022-06-28,Tuesday,June,2022
57,2022-08-23,Tuesday,August,2022
58,2021-12-09,Thursday,December,2021
59,2022-11-27,Sunday,November,2022
60,2023-07-09,Sunday,July,2023
61,2022-12-02,Friday,December,2022
62,2023-11-05,Sunday,November,2023
63,2022-01-11,Tuesday,January,2022
64,2022-04-21,Thursday,April,2022
65,2022-06-20,Monday,June,2022
66,2023-06-05,Monday,June,2023
67,2023-07-16,Sunday,July,2023
68,2022-04-29,Friday,April,2022
69,2022-07-03,Sunday,July,2022
70,2021-12-28,Tuesday,December,2021
71,2023-10-14,Saturday,October,2023
72,2022-04-11,Monday,April,2022
73,2023-03-11,Saturday,March,2023
74,2022-07-19,Tuesday,July,2022
75,2023-07-12,Wednesday,July,2023
76,2023-01-09,Monday,January,2023
77,2022-10-29,Saturday,October,2022
78,2023-11-11,Saturday,November,2023
79,2022-12-07,Wednesday,December,2022
80,2022-02-24,Thursday,February,2022
81,2023-08-07,Monday,August,2023
82,2023-10-24,Tuesday,October,2023
83,2022-07-12,Tuesday,July,2022
84,2021-12-27,Monday,December,2021
85,2023-09-01,Friday,September,2023
86,2022-08-29,Monday,August,2022
87,2023-05-15,Monday,May,2023
88,2023-01-12,Thursday,January,2023
89,2022-04-17,Sunday,April,2022
90,2022-09-14,Wednesday,September,2022
91,2023-07-31,Monday,July,2023
92,2022-09-10,Saturday,September,2022
93,2023-02-19,Sunday,February,2023
94,2022-02-11,Friday,February,2022
95,2023-07-19,Wednesday,July,2023
96,2022-04-25,Monday,April,2022
97,2022-11-13,Sunday,November,2022
98,2022-01-07,Friday,January,2022
99,2021-12-17,Friday,December,2021
100,2022-02-21,Monday,February,2022
101,2022-05-31,Tuesday,May,2022
102,2022-09-07,Wednesday,September,2022
103,2022-05-03,Tuesday,May,2022
104,2023-01-13,Friday,January,2023
105,2022-05-10,Tuesday,May,2022
106,2022-07-29,Friday,July,2022
107,2023-07-21,Friday,July,2023
108,2023-06-21,Wednesday,June,2023
109,2023-10-03,Tuesday,October,2023
110,2022-01-15,Saturday,January,2022
111,2023-06-02,Friday,June,2023
112,2023-07-24,Monday,July,2023
113,2022-01-24,Monday,January,2022
114,2023-06-28,Wednesday,June,2023
115,2022-06-10,Friday,June,2022
116,2023-05-19,Friday,May,2023
117,2023-11-09,Thursday,November,2023
118,2023-01-04,Wednesday,January,2023
119,2022-02-15,Tuesday,February,2022
120,2023-07-14,Friday,July,2023
121,2022-09-24,Saturday,September,2022
122,2023-10-08,Sunday,October,2023
123,2023-10-15,Sunday,October,2023
124,2023-09-23,Saturday,September,2023
125,2021-12-06,Monday,December,2021
126,2022-07-06,Wednesday,July,2022
127,2023-03-17,Friday,March,2023
128,2023-09-19,Tuesday,September,2023
129,2022-03-12,Saturday,March,2022
130,2022-02-28,Monday,February,2022
131,2022-05-19,Thursday,May,2022
132,2022-12-09,Friday,December,2022
133,2022-07-16,Saturday,July,2022
134,2022-03-08,Tuesday,March,2022
135,2023-11-18,Saturday,November,2023
136,2022-02-05,Saturday,February,2022
137,2022-11-26,Saturday,November,2022
138,2022-10-23,Sunday,October,2022
139,2023-03-24,Friday,March,2023
140,2022-11-23,Wednesday,November,2022
141,2023-07-23,Sunday,July,2023
142,2023-10-04,Wednesday,October,2023
143,2021-12-14,Tuesday,December,2021
144,2022-03-27,Sunday,March,2022
145,2022-05-01,Sunday,May,2022
146,2022-05-05,Thursday,May,2022
147,2022-04-04,Monday,April,2022
148,2022-08-11,Thursday,August,2022
149,2022-11-02,Wednesday,November,2022
150,2023-11-15,Wednesday,November,2023
151,2022-07-15,Friday,July,2022
152,2022-11-15,Tuesday,November,2022
153,2023-08-18,Friday,August,2023
154,2022-09-19,Monday,September,2022
155,2023-04-27,Thursday,April,2023
156,2022-03-24,Thursday,March,2022
157,2023-09-12,Tuesday,September,2023
158,2023-04-11,Tuesday,April,2023
159,2023-05-31,Wednesday,May,2023
160,2022-06-27,Monday,June,2022
161,2023-11-03,Friday,November,2023
162,2022-09-29,Thursday,September,2022
163,2022-03-09,Wednesday,March,2022
164,2022-06-01,Wednesday,June,2022
165,2022-10-17,Monday,October,2022
166,2022-12-26,Monday,December,2022
167,2023-03-10,Friday,March,2023
168,2023-11-23,Thursday,November,2023
169,2022-09-01,Thursday,September,2022
170,2022-09-13,Tuesday,September,2022
171,2022-03-15,Tuesday,March,2022
172,2023-01-02,Monday,January,2023
173,2022-10-11,Tuesday,October,2022
174,2022-01-22,Saturday,January,2022
175,2022-10-18,Tuesday,October,2022
176,2021-12-16,Thursday,December,2021
177,2022-11-05,Saturday,November,2022
178,2023-01-17,Tuesday,January,2023
179,2021-12-25,Saturday,December,2021
180,2022-01-04,Tuesday,January,2022
181,2022-04-22,Friday,April,2022
182,2022-03-26,Saturday,March,2022
183,2022-09-17,Saturday,September,2022
184,2022-07-25,Monday,July,2022
185,2022-10-12,Wednesday,October,2022
186,2023-10-25,Wednesday,October,2023
187,2022-12-13,Tuesday,December,2022
188,2022-08-30,Tuesday,August,2022
189,2023-07-28,Friday,July,2023
190,2021-12-02,Thursday,December,2021
191,2023-03-04,Saturday,March,2023
192,2022-06-12,Sunday,June,2022
193,2023-11-12,Sunday,November,2023
194,2022-09-22,Thursday,September,2022
195,2022-11-09,Wednesday,November,2022
196,2022-02-17,Thursday,February,2022
197,2023-05-11,Thursday,May,2023
198,2021-12-11,Saturday,December,2021
199,2022-05-30,Monday,May,2022
200,2023-08-16,Wednesday,August,2023
201,2022-10-27,Thursday,October,2022
202,2023-10-31,Tuesday,October,2023
203,2023-07-04,Tuesday,July,2023
204,2023-08-27,Sunday,August,2023
205,2022-03-23,Wednesday,March,2022
206,2021-12-23,Thursday,December,2021
207,2023-08-31,Thursday,August,2023
208,2022-12-24,Saturday,December,2022
209,2022-12-29,Thursday,December,2022
210,2022-06-11,Saturday,June,2022
211,2022-01-06,Thursday,January,2022
212,2022-01-23,Sunday,January,2022
213,2022-01-29,Saturday,January,2022
214,2022-09-28,Wednesday,September,2022
215,2023-10-22,Sunday,October,2023
216,2022-10-25,Tuesday,October,2022
217,2023-05-21,Sunday,May,2023
218,2023-03-29,Wednesday,March,2023
219,2023-05-29,Monday,May,2023
220,2023-03-06,Monday,March,2023
221,2023-02-03,Friday,February,2023
222,2022-12-03,Saturday,December,2022
223,2022-11-04,Friday,November,2022
224,2022-12-11,Sunday,December,2022
225,2022-10-16,Sunday,October,2022
226,2023-11-01,Wednesday,November,2023
227,2022-07-02,Saturday,July,2022
228,2023-03-12,Sunday,March,2023
229,2023-05-25,Thursday,May,2023
230,2022-01-09,Sunday,January,2022
231,2023-10-16,Monday,October,2023
232,2022-01-16,Sunday,January,2022
233,2023-09-13,Wednesday,September,2023
234,2023-01-20,Friday,January,2023
235,2022-05-24,Tuesday,May,2022
236,2023-07-06,Thursday,July,2023
237,2022-08-19,Friday,August,2022
238,2022-05-20,Friday,May,2022
239,2021-12-03,Friday,December,2021
240,2022-11-10,Thursday,November,2022
241,2021-12-05,Sunday,December,2021
242,2023-04-12,Wednesday,April,2023
243,2023-06-06,Tuesday,June,2023
244,2023-10-29,Sunday,October,2023
245,2023-06-10,Saturday,June,2023
246,2023-10-01,Sunday,October,2023
247,2022-07-11,Monday,July,2022
248,2022-01-14,Friday,January,2022
249,2023-11-29,Wednesday,November,2023
250,2023-10-20,Friday,October,2023
251,2023-06-26,Monday,June,2023
252,2023-02-25,Saturday,February,2023
253,2022-12-18,Sunday,December,2022
254,2023-07-11,Tuesday,July,2023
255,2023-05-20,Saturday,May,2023
256,2023-01-06,Friday,January,2023
257,2022-08-17,Wednesday,August,2022
258,2023-04-30,Sunday,April,2023
259,2022-05-09,Monday,May,2022
260,2022-10-21,Friday,October,2022
261,2023-01-29,Sunday,January,2023
262,2022-05-27,Friday,May,2022
263,2022-10-31,Monday,October,2022
264,2022-04-10,Sunday,April,2022
265,2022-11-16,Wednesday,November,2022
266,2022-06-26,Sunday,June,2022
267,2023-07-18,Tuesday,July,2023
268,2023-05-14,Sunday,May,2023
269,2022-04-09,Saturday,April,2022
270,2023-01-14,Saturday,January,2023
271,2023-01-19,Thursday,January,2023
272,2023-08-29,Tuesday,August,2023
273,2023-02-17,Friday,February,2023
274,2022-09-27,Tuesday,September,2022
275,2022-03-07,Monday,March,2022
276,2023-10-23,Monday,October,2023
277,2023-03-14,Tuesday,March,2023
278,2023-03-25,Saturday,March,2023
279,2023-03-02,Thursday,March,2023
280,2022-08-21,Sunday,August,2022
281,2023-09-06,Wednesday,September,2023
282,2023-03-28,Tuesday,March,2023
283,2023-06-23,Friday,June,2023
284,2023-09-14,Thursday,September,2023
285,2023-01-18,Wednesday,January,2023
286,2022-11-19,Saturday,November,2022
287,2023-04-10,Monday,April,2023
288,2022-02-03,Thursday,February,2022
289,2023-01-10,Tuesday,January,2023
290,2023-02-24,Friday,February,2023
291,2023-08-04,Friday,August,2023
292,2023-02-10,Friday,February,2023
293,2022-04-23,Saturday,April,2022
294,2023-09-21,Thursday,September,2023
295,2022-05-11,Wednesday,May,2022
296,2021-12-24,Friday,December,2021
297,2022-03-21,Monday,March,2022
298,2022-09-04,Sunday,September,2022
299,2022-10-30,Sunday,October,2022
300,2023-11-22,Wednesday,November,2023
301,2022-09-16,Friday,September,2022
302,2022-04-02,Saturday,April,2022
303,2023-03-09,Thursday,March,2023
304,2023-09-16,Saturday,September,2023
305,2023-05-04,Thursday,May,2023
306,2022-02-04,Friday,February,2022
307,2023-04-23,Sunday,April,2023
308,2022-10-22,Saturday,October,2022
309,2023-05-01,Monday,May,2023
310,2023-09-03,Sunday,September,2023
311,2022-03-14,Monday,March,2022
312,2023-03-23,Thursday,March,2023
313,2023-09-11,Monday,September,2023
314,2022-06-06,Monday,June,2022
315,2022-05-06,Friday,May,2022
316,2023-01-31,Tuesday,January,2023
317,2023-02-16,Thursday,February,2023
318,2022-07-23,Saturday,July,2022
319,2023-11-28,Tuesday,November,2023
320,2022-06-07,Tuesday,June,2022
321,2021-12-22,Wednesday,December,2021
322,2022-06-21,Tuesday,June,2022
323,2022-10-09,Sunday,October,2022
324,2022-12-04,Sunday,December,2022
325,2022-06-25,Saturday,June,2022
326,2022-04-13,Wednesday,April,2022
327,2023-05-24,Wednesday,May,2023
328,2022-02-06,Sunday,February,2022
329,2022-06-19,Sunday,June,2022
330,2022-05-13,Friday,May,2022
331,2023-06-04,Sunday,June,2023
332,2022-07-18,Monday,July,2022
333,2022-01-02,Sunday,January,2022
334,2023-07-26,Wednesday,July,2023
335,2023-02-09,Thursday,February,2023
336,2023-04-05,Wednesday,April,2023
337,2021-12-31,Friday,December,2021
338,2022-05-28,Saturday,May,2022
339,2023-08-10,Thursday,August,2023
340,2022-09-20,Tuesday,September,2022
341,2022-10-24,Monday,October,2022
342,2022-12-28,Wednesday,December,2022
343,2022-04-08,Friday,April,2022
344,2023-11-14,Tuesday,November,2023
345,2023-04-08,Saturday,April,2023
346,2022-02-25,Friday,February,2022
347,2023-04-01,Saturday,April,2023
348,2022-11-28,Monday,November,2022
349,2023-11-19,Sunday,November,2023
350,2023-04-04,Tuesday,April,2023
351,2023-09-26,Tuesday,September,2023
352,2023-06-18,Sunday,June,2023
353,2022-01-18,Tuesday,January,2022
354,2023-04-22,Saturday,April,2023
355,2022-09-25,Sunday,September,2022
356,2022-05-02,Monday,May,2022
357,2022-06-08,Wednesday,June,2022
358,2023-10-30,Monday,October,2023
359,2023-09-05,Tuesday,September,2023
360,2022-03-03,Thursday,March,2022
361,2022-03-20,Sunday,March,2022
362,2022-04-30,Saturday,April,2022
363,2022-09-15,Thursday,September,2022
364,2022-05-08,Sunday,May,2022
365,2022-06-24,Friday,June,2022
366,2023-04-29,Saturday,April,2023
367,2022-11-03,Thursday,November,2022
368,2023-06-27,Tuesday,June,2023
369,2022-01-25,Tuesday,January,2022
370,2023-01-22,Sunday,January,2023
371,2022-04-15,Friday,April,2022
372,2022-04-18,Monday,April,2022
373,2023-03-30,Thursday,March,2023
374,2023-08-25,Friday,August,2023
375,2022-01-01,Saturday,January,2022
376,2023-07-02,Sunday,July,2023
377,2022-07-14,Thursday,July,2022
378,2022-08-28,Sunday,August,2022
379,2023-09-15,Friday,September,2023
380,2022-07-24,Sunday,July,2022
381,2022-09-26,Monday,September,2022
382,2021-12-30,Thursday,December,2021
383,2023-05-26,Friday,May,2023
384,2022-08-01,Monday,August,2022
385,2023-02-21,Tuesday,February,2023
386,2023-02-18,Saturday,February,2023
387,2022-06-13,Monday,June,2022
388,2023-06-12,Monday,June,2023
389,2023-02-01,Wednesday,February,2023
390,2023-05-18,Thursday,May,2023
391,2023-03-20,Monday,March,2023
392,2021-12-18,Saturday,December,2021
393,2022-08-04,Thursday,August,2022
394,2023-05-27,Saturday,May,2023
395,2023-02-27,Monday,February,2023
396,2023-11-25,Saturday,November,2023
397,2022-05-15,Sunday,May,2022
398,2022-03-05,Saturday,March,2022
399,2023-06-29,Thursday,June,2023
400,2022-12-14,Wednesday,December,2022
401,2023-01-01,Sunday,January,2023
402,2023-10-02,Monday,October,2023
403,2023-11-20,Monday,November,2023
404,2023-09-25,Monday,September,2023
405,2022-05-22,Sunday,May,2022
406,2022-02-07,Monday,February,2022
407,2022-11-07,Monday,November,2022
408,2022-03-02,Wednesday,March,2022
409,2022-09-03,Saturday,September,2022
410,2022-12-19,Monday,December,2022
411,2022-07-31,Sunday,July,2022
412,2023-04-17,Monday,April,2023
413,2023-05-17,Wednesday,May,2023
414,2023-08-23,Wednesday,August,2023
415,2022-08-13,Saturday,August,2022
416,2022-08-12,Friday,August,2022
417,2023-08-11,Friday,August,2023
418,2023-01-26,Thursday,January,2023
419,2022-02-22,Tuesday,February,2022
420,2023-03-08,Wednesday,March,2023
421,2022-04-16,Saturday,April,2022
422,2023-03-27,Monday,March,2023
423,2023-09-09,Saturday,September,2023
424,2022-05-04,Wednesday,May,2022
425,2023-10-09,Monday,October,2023
426,2022-03-22,Tuesday,March,2022
427,2022-06-14,Tuesday,June,2022
428,2022-01-21,Friday,January,2022
429,2021-12-26,Sunday,December,2021
430,2022-10-26,Wednesday,October,2022
431,2022-04-19,Tuesday,April,2022
432,2023-04-24,Monday,April,2023
433,2021-12-13,Monday,December,2021
434,2023-06-19,Monday,June,2023
435,2021-12-29,Wednesday,December,2021
436,2023-07-25,Tuesday,July,2023
437,2022-11-11,Friday,November,2022
438,2023-03-07,Tuesday,March,2023
439,2022-12-05,Monday,December,2022
440,2022-02-27,Sunday,February,2022
441,2022-06-22,Wednesday,June,2022
442,2022-12-20,Tuesday,December,2022
443,2023-07-01,Saturday,July,2023
444,2022-04-12,Tuesday,April,2022
445,2022-02-08,Tuesday,February,2022
446,2022-02-20,Sunday,February,2022
447,2022-09-09,Friday,September,2022
448,2023-06-11,Sunday,June,2023
449,2022-10-13,Thursday,October,2022
450,2023-09-30,Saturday,September,2023
451,2023-08-30,Wednesday,August,2023
452,2023-09-04,Monday,September,2023
453,2023-08-26,Saturday,August,2023
454,2023-01-23,Monday,January,2023
455,2021-12-15,Wednesday,December,2021
456,2023-11-30,Thursday,November,2023
457,2022-10-02,Sunday,October,2022
458,2021-12-04,Saturday,December,2021
459,2023-07-13,Thursday,July,2023
460,2022-05-23,Monday,May,2022
461,2023-06-09,Friday,June,2023
462,2022-11-08,Tuesday,November,2022
463,2023-05-13,Saturday,May,2023
464,2022-10-15,Saturday,October,2022
465,2023-10-06,Friday,October,2023
466,2022-07-08,Friday,July,2022
467,2023-06-01,Thursday,June,2023
468,2022-06-18,Saturday,June,2022
469,2023-11-13,Monday,November,2023
470,2023-08-08,Tuesday,August,2023
471,2023-02-06,Monday,February,2023
472,2023-04-18,Tuesday,April,2023
473,2022-06-30,Thursday,June,2022
474,2022-01-20,Thursday,January,2022
475,2023-09-08,Friday,September,2023
476,2022-07-22,Friday,July,2022
477,2022-05-18,Wednesday,May,2022
478,2023-05-12,Friday,May,2023
479,2023-03-16,Thursday,March,2023
480,2022-05-21,Saturday,May,2022
481,2022-01-13,Thursday,January,2022
482,2023-05-03,Wednesday,May,2023
483,2023-02-22,Wednesday,February,2023
484,2022-01-19,Wednesday,January,2022
485,2023-01-30,Monday,January,2023
486,2022-11-18,Friday,November,2022
487,2023-05-10,Wednesday,May,2023
488,2022-04-01,Friday,April,2022
489,2022-04-14,Thursday,April,2022
490,2022-09-12,Monday,September,2022
491,2022-04-26,Tuesday,April,2022
492,2022-11-30,Wednesday,November,2022
493,2022-05-29,Sunday,May,2022
494,2023-08-06,Sunday,August,2023
495,2023-03-31,Friday,March,2023
496,2023-06-30,Friday,June,2023
497,2023-02-02,Thursday,February,2023
498,2022-06-02,Thursday,June,2022
499,2022-01-27,Thursday,January,2022
500,2021-12-20,Monday,December,2021
501,2023-04-25,Tuesday,April,2023
502,2022-02-26,Saturday,February,2022
503,2023-08-02,Wednesday,August,2023
504,2021-12-10,Friday,December,2021
505,2022-07-26,Tuesday,July,2022
506,2023-06-16,Friday,June,2023
507,2022-08-20,Saturday,August,2022
508,2023-04-09,Sunday,April,2023
509,2022-03-13,Sunday,March,2022
510,2022-07-01,Friday,July,2022
511,2023-01-11,Wednesday,January,2023
512,2022-07-20,Wednesday,July,2022
513,2023-02-14,Tuesday,February,2023
514,2023-11-27,Monday,November,2023
515,2023-11-08,Wednesday,November,2023
516,2022-11-12,Saturday,November,2022
517,2022-02-09,Wednesday,February,2022
518,2023-03-15,Wednesday,March,2023
519,2023-08-17,Thursday,August,2023
520,2023-08-28,Monday,August,2023
521,2022-01-31,Monday,January,2022
522,2022-08-07,Sunday,August,2022
523,2023-01-03,Tuesday,January,2023
524,2023-05-28,Sunday,May,2023
525,2022-10-19,Wednesday,October,2022
526,2023-02-15,Wednesday,February,2023
527,2022-03-17,Thursday,March,2022
528,2022-11-29,Tuesday,November,2022
529,2023-03-05,Sunday,March,2023
530,2022-09-18,Sunday,September,2022
531,2023-01-25,Wednesday,January,2023
532,2022-11-24,Thursday,November,2022
533,2023-09-07,Thursday,September,2023
534,2022-11-06,Sunday,November,2022
535,2023-06-07,Wednesday,June,2023
536,2023-07-05,Wednesday,July,2023
537,2023-04-06,Thursday,April,2023
538,2022-06-04,Saturday,June,2022
539,2022-03-01,Tuesday,March,2022
540,2023-06-14,Wednesday,June,2023
541,2022-09-06,Tuesday,September,2022
542,2022-01-05,Wednesday,January,2022
543,2022-11-01,Tuesday,November,2022
544,2023-07-30,Sunday,July,2023
545,2023-04-15,Saturday,April,2023
546,2022-02-02,Wednesday,February,2022
547,2022-07-17,Sunday,July,2022
548,2022-07-21,Thursday,July,2022
549,2022-02-23,Wednesday,February,2022
550,2023-10-05,Thursday,October,2023
551,2023-02-07,Tuesday,February,2023
552,2022-08-14,Sunday,August,2022
553,2023-08-13,Sunday,August,2023
554,2023-10-19,Thursday,October,2023
555,2022-11-14,Monday,November,2022
556,2022-10-05,Wednesday,October,2022
557,2023-10-12,Thursday,October,2023
558,2022-08-02,Tuesday,August,2022
559,2022-11-21,Monday,November,2022
560,2023-02-12,Sunday,February,2023
561,2023-08-22,Tuesday,August,2023
562,2022-08-08,Monday,August,2022
563,2023-09-22,Friday,September,2023
564,2023-07-10,Monday,July,2023
565,2023-02-08,Wednesday,February,2023
566,2022-03-29,Tuesday,March,2022
567,2022-07-28,Thursday,July,2022
568,2022-02-19,Saturday,February,2022
569,2023-10-11,Wednesday,October,2023
570,2023-06-03,Saturday,June,2023
571,2022-08-25,Thursday,August,2022
572,2023-04-16,Sunday,April,2023
573,2022-01-17,Monday,January,2022
574,2022-01-28,Friday,January,2022
575,2022-05-07,Saturday,May,2022
576,2022-04-07,Thursday,April,2022
577,2022-06-16,Thursday,June,2022
578,2023-07-03,Monday,July,2023
579,2023-11-17,Friday,November,2023
580,2022-08-27,Saturday,August,2022
581,2023-03-22,Wednesday,March,2023
582,2022-03-11,Friday,March,2022
583,2023-11-26,Sunday,November,2023
584,2022-01-12,Wednesday,January,2022
585,2022-03-06,Sunday,March,2022
586,2023-10-07,Saturday,October,2023
587,2023-03-01,Wednesday,March,2023
588,2023-08-09,Wednesday,August,2023
589,2022-11-22,Tuesday,November,2022
590,2023-11-06,Monday,November,2023
591,2022-12-12,Monday,December,2022
592,2023-04-20,Thursday,April,2023
593,2022-10-01,Saturday,October,2022
594,2022-03-31,Thursday,March,2022
595,2023-04-21,Friday,April,2023
596,2023-02-13,Monday,February,2023
597,2023-08-20,Sunday,August,2023
598,2023-07-17,Monday,July,2023
599,2023-10-28,Saturday,October,2023
600,2023-11-24,Friday,November,2023
601,2022-12-01,Thursday,December,2022
602,2021-12-19,Sunday,December,2021
603,2023-08-05,Saturday,August,2023
604,2023-10-18,Wednesday,October,2023
605,2023-07-22,Saturday,July,2023
606,2022-04-27,Wednesday,April,2022
607,2023-05-02,Tuesday,May,2023
608,2023-05-16,Tuesday,May,2023
609,2022-05-14,Saturday,May,2022
610,2023-03-18,Saturday,March,2023
611,2023-11-10,Friday,November,2023
612,2022-04-24,Sunday,April,2022
613,2021-12-12,Sunday,December,2021
614,2022-12-17,Saturday,December,2022
615,2023-05-22,Monday,May,2023
616,2022-05-16,Monday,May,2022
617,2023-04-02,Sunday,April,2023
618,2023-04-14,Friday,April,2023
619,2023-04-13,Thursday,April,2023
620,2022-08-26,Friday,August,2022
621,2022-12-27,Tuesday,December,2022
622,2022-06-17,Friday,June,2022
623,2022-10-14,Friday,October,2022
624,2023-03-19,Sunday,March,2023
625,2022-06-23,Thursday,June,2022
626,2023-08-21,Monday,August,2023
627,2022-09-11,Sunday,September,2022
628,2022-08-15,Monday,August,2022
629,2023-09-27,Wednesday,September,2023
630,2022-08-10,Wednesday,August,2022
631,2022-07-04,Monday,July,2022
632,2022-09-05,Monday,September,2022
633,2022-05-12,Thursday,May,2022
634,2023-11-04,Saturday,November,2023
635,2023-07-15,Saturday,July,2023
636,2023-01-16,Monday,January,2023
637,2023-05-30,Tuesday,May,2023
638,2023-06-13,Tuesday,June,2023
639,2022-03-16,Wednesday,March,2022
640,2022-08-31,Wednesday,August,2022
641,2022-06-05,Sunday,June,2022
642,2023-06-22,Thursday,June,2023
643,2022-10-04,Tuesday,October,2022
644,2023-06-24,Saturday,June,2023
645,2023-08-19,Saturday,August,2023
646,2022-08-22,Monday,August,2022
647,2022-10-03,Monday,October,2022
648,2023-02-05,Sunday,February,2023
649,2022-12-16,Friday,December,2022
650,2023-10-17,Tuesday,October,2023
651,2022-12-15,Thursday,December,2022
652,2023-06-25,Sunday,June,2023
653,2022-10-28,Friday,October,2022
654,2022-05-25,Wednesday,May,2022
655,2022-07-09,Saturday,July,2022
656,2022-12-10,Saturday,December,2022
657,2022-10-08,Saturday,October,2022
658,2023-09-29,Friday,September,2023
659,2022-04-20,Wednesday,April,2022
660,2023-09-10,Sunday,September,2023
661,2023-01-24,Tuesday,January,2023
662,2022-09-23,Friday,September,2022
663,2022-03-10,Thursday,March,2022
664,2022-03-25,Friday,March,2022
665,2023-09-17,Sunday,September,2023
666,2022-08-18,Thursday,August,2022
667,2023-01-21,Saturday,January,2023
668,2022-01-03,Monday,January,2022
669,2023-03-26,Sunday,March,2023
670,2023-04-28,Friday,April,2023
671,2022-08-09,Tuesday,August,2022
672,2022-02-01,Tuesday,February,2022
673,2022-09-30,Friday,September,2022
674,2022-07-30,Saturday,July,2022
675,2022-08-05,Friday,August,2022
676,2022-02-18,Friday,February,2022
677,2022-11-20,Sunday,November,2022
678,2022-01-30,Sunday,January,2022
679,2023-09-24,Sunday,September,2023
680,2022-04-05,Tuesday,April,2022
681,2023-03-21,Tuesday,March,2023
682,2023-07-27,Thursday,July,2023
683,2022-09-21,Wednesday,September,2022
684,2022-01-08,Saturday,January,2022
685,2023-01-15,Sunday,January,2023
686,2022-01-10,Monday,January,2022
687,2023-03-13,Monday,March,2023
688,2023-02-20,Monday,February,2023
689,2023-09-28,Thursday,September,2023
690,2021-12-01,Wednesday,December,2021
691,2022-12-23,Friday,December,2022
692,2022-03-19,Saturday,March,2022
693,2023-02-04,Saturday,February,2023
694,2023-04-03,Monday,April,2023
695,2022-08-16,Tuesday,August,2022
696,2022-07-10,Sunday,July,2022
697,2023-08-24,Thursday,August,2023
698,2023-10-27,Friday,October,2023
699,2023-10-21,Saturday,October,2023
700,2023-01-28,Saturday,January,2023
701,2022-11-25,Friday,November,2022
702,2023-03-03,Friday,March,2023
703,2022-02-12,Saturday,February,2022
704,2022-05-26,Thursday,May,2022
705,2023-08-14,Monday,August,2023
706,2023-01-08,Sunday,January,2023
707,2022-02-10,Thursday,February,2022
708,2023-02-26,Sunday,February,2023
709,2022-01-26,Wednesday,January,2022
710,2021-12-07,Tuesday,December,2021
711,2023-07-08,Saturday,July,2023
712,2022-08-06,Saturday,August,2022
713,2022-11-17,Thursday,November,2022
714,2022-05-17,Tuesday,May,2022
715,2022-08-03,Wednesday,August,2022
716,2022-12-31,Saturday,December,2022
717,2023-08-12,Saturday,August,2023
718,2022-12-22,Thursday,December,2022
719,2022-07-13,Wednesday,July,2022
720,2022-12-30,Friday,December,2022
721,2022-06-03,Friday,June,2022
722,2022-04-06,Wednesday,April,2022
723,2023-05-23,Tuesday,May,2023
724,2022-04-03,Sunday,April,2022
725,2022-09-02,Friday,September,2022
726,2022-12-08,Thursday,December,2022
727,2022-08-24,Wednesday,August,2022
728,2022-10-20,Thursday,October,2022
729,2023-10-10,Tuesday,October,2023
730,2023-08-01,Tuesday,August,2023
731,2022-06-29,Wednesday,June,2022
